{"cameraMode":{"drawMode":0,"name":"Shaded","section":"Shading Mode"},"sceneLighting":true,"audioPlay":false,"sceneViewState":{"showFog":true,"showMaterialUpdate":true,"showSkybox":true,"showFlares":true,"showImageEffects":true,"showParticleSystems":true},"in2DMode":false,"pivot":{"x":-0.16387128829956056,"y":2.848224639892578,"z":-0.4836235046386719},"rotation":{"x":0.03320935741066933,"y":-0.9555100798606873,"z":0.11811792850494385,"w":0.2684551775455475},"size":7.973599910736084,"orthographic":false}