{"cameraMode":{"drawMode":0,"name":"Shaded","section":"Shading Mode"},"sceneLighting":true,"audioPlay":false,"sceneViewState":{"showFog":true,"showMaterialUpdate":true,"showSkybox":true,"showFlares":true,"showImageEffects":true,"showParticleSystems":true},"in2DMode":false,"pivot":{"x":-2.1924819946289064,"y":0.3091508746147156,"z":-1.0012022256851197},"rotation":{"x":0.12159755080938339,"y":-0.8165230751037598,"z":0.1863640993833542,"w":0.5327562689781189},"size":4.974864482879639,"orthographic":false}