{"cameraMode":{"drawMode":0,"name":"Shaded","section":"Shading Mode"},"sceneLighting":true,"audioPlay":false,"sceneViewState":{"showFog":true,"showMaterialUpdate":true,"showSkybox":true,"showFlares":true,"showImageEffects":true,"showParticleSystems":true},"in2DMode":false,"pivot":{"x":-5.962076663970947,"y":-4.117971897125244,"z":-19.067060470581056},"rotation":{"x":-0.03427539020776749,"y":0.9642336964607239,"z":-0.15640808641910554,"w":-0.21127143502235413},"size":22.0,"orthographic":false}