{"cameraMode":{"drawMode":0,"name":"Shaded","section":"Shading Mode"},"sceneLighting":true,"audioPlay":false,"sceneViewState":{"showFog":true,"showMaterialUpdate":false,"showSkybox":true,"showFlares":true,"showImageEffects":true,"showParticleSystems":true},"in2DMode":false,"pivot":{"x":-9.006599426269532,"y":4.923395156860352,"z":-5.235607147216797},"rotation":{"x":-0.017244549468159677,"y":0.8979223966598511,"z":-0.03531434386968613,"w":-0.4384056627750397},"size":12.987876892089844,"orthographic":false}