{"cameraMode":{"drawMode":0,"name":"Shaded","section":"Shading Mode"},"sceneLighting":true,"audioPlay":false,"sceneViewState":{"showFog":true,"showMaterialUpdate":false,"showSkybox":true,"showFlares":true,"showImageEffects":true,"showParticleSystems":true},"in2DMode":false,"pivot":{"x":0.011311054229736328,"y":3.830249071121216,"z":-1.3839330673217774},"rotation":{"x":-0.010197974741458893,"y":0.9412516355514526,"z":-0.028537491336464883,"w":-0.3363474905490875},"size":10.0,"orthographic":false}