{"cameraMode":{"drawMode":0,"name":"Shaded","section":"Shading Mode"},"sceneLighting":true,"audioPlay":false,"sceneViewState":{"showFog":true,"showMaterialUpdate":false,"showSkybox":true,"showFlares":true,"showImageEffects":true,"showParticleSystems":true},"in2DMode":false,"pivot":{"x":-50.56541442871094,"y":67.17959594726563,"z":-235.1773681640625},"rotation":{"x":-0.14334875345230103,"y":0.7052987813949585,"z":-0.14896303415298463,"w":-0.6782738566398621},"size":19.399826049804689,"orthographic":false}