{"cameraMode":{"drawMode":0,"name":"Shaded","section":"Shading Mode"},"sceneLighting":false,"audioPlay":false,"sceneViewState":{"showFog":true,"showMaterialUpdate":false,"showSkybox":false,"showFlares":true,"showImageEffects":true,"showParticleSystems":true},"in2DMode":false,"pivot":{"x":-38.5099983215332,"y":73.28177642822266,"z":-223.3126220703125},"rotation":{"x":0.1219060942530632,"y":-0.6734073758125305,"z":0.11404534429311753,"w":0.7202543616294861},"size":2.8578836917877199,"orthographic":false}