{"cameraMode":{"drawMode":0,"name":"Shaded","section":"Shading Mode"},"sceneLighting":true,"audioPlay":false,"sceneViewState":{"showFog":true,"showMaterialUpdate":false,"showSkybox":true,"showFlares":true,"showImageEffects":true,"showParticleSystems":true},"in2DMode":false,"pivot":{"x":-23.908044815063478,"y":59.69472122192383,"z":-181.78517150878907},"rotation":{"x":0.014220942743122578,"y":-0.8915095925331116,"z":0.4519714117050171,"w":0.028093013912439348},"size":17.033401489257814,"orthographic":false}