{"cameraMode":{"drawMode":0,"name":"Shaded","section":"Shading Mode"},"sceneLighting":true,"audioPlay":false,"sceneViewState":{"showFog":true,"showMaterialUpdate":false,"showSkybox":true,"showFlares":true,"showImageEffects":true,"showParticleSystems":true},"in2DMode":false,"pivot":{"x":11.852210998535157,"y":101.87963104248047,"z":-121.3766860961914},"rotation":{"x":-0.0034734581131488086,"y":0.9939378499984741,"z":-0.032522715628147128,"w":-0.10565073788166046},"size":26.452346801757814,"orthographic":false}