{"cameraMode":{"drawMode":0,"name":"Shaded","section":"Shading Mode"},"sceneLighting":true,"audioPlay":false,"sceneViewState":{"showFog":false,"showMaterialUpdate":false,"showSkybox":false,"showFlares":false,"showImageEffects":false,"showParticleSystems":false},"in2DMode":false,"pivot":{"x":2.197451591491699,"y":1.1446081399917603,"z":-7.136639595031738},"rotation":{"x":-0.0017728095408529044,"y":-0.9975270628929138,"z":0.07194481790065766,"w":-0.02285434864461422},"size":5.701437473297119,"orthographic":false}