{"cameraMode":{"drawMode":0,"name":"Shaded","section":"Shading Mode"},"sceneLighting":true,"audioPlay":false,"sceneViewState":{"showFog":false,"showMaterialUpdate":false,"showSkybox":false,"showFlares":false,"showImageEffects":false,"showParticleSystems":false},"in2DMode":false,"pivot":{"x":2.4534761905670168,"y":1.006748080253601,"z":-2.250502347946167},"rotation":{"x":-0.00010531501902732998,"y":-0.9742199182510376,"z":0.22636127471923829,"w":0.0003071875835303217},"size":8.198580741882325,"orthographic":false}