{"cameraMode":{"drawMode":0,"name":"Shaded","section":"Shading Mode"},"sceneLighting":true,"audioPlay":false,"sceneViewState":{"showFog":false,"showMaterialUpdate":false,"showSkybox":false,"showFlares":false,"showImageEffects":false,"showParticleSystems":false},"in2DMode":false,"pivot":{"x":-0.5856838822364807,"y":1.1938263177871705,"z":-6.837990760803223},"rotation":{"x":0.2022666484117508,"y":-0.6954008936882019,"z":0.21476909518241883,"w":0.6556484699249268},"size":1.8482811450958253,"orthographic":false}