{"cameraMode":{"drawMode":0,"name":"Shaded","section":"Shading Mode"},"sceneLighting":true,"audioPlay":false,"sceneViewState":{"showFog":false,"showMaterialUpdate":false,"showSkybox":false,"showFlares":false,"showImageEffects":false,"showParticleSystems":false},"in2DMode":false,"pivot":{"x":0.9739375710487366,"y":0.03968248516321182,"z":-8.41602897644043},"rotation":{"x":0.025778701528906823,"y":-0.9683645963668823,"z":0.22316771745681764,"w":0.11196087300777435},"size":3.05031156539917,"orthographic":false}