{"cameraMode":{"drawMode":0,"name":"Shaded","section":"Shading Mode"},"sceneLighting":true,"audioPlay":false,"sceneViewState":{"showFog":false,"showMaterialUpdate":false,"showSkybox":false,"showFlares":false,"showImageEffects":false,"showParticleSystems":false},"in2DMode":false,"pivot":{"x":0.26444026827812197,"y":-0.46460017561912539,"z":-8.353133201599121},"rotation":{"x":0.022932181134819986,"y":0.9369224309921265,"z":-0.34338289499282839,"w":0.06249869614839554},"size":3.2808518409729006,"orthographic":false}