{"cameraMode":{"drawMode":0,"name":"Shaded","section":"Shading Mode"},"sceneLighting":true,"audioPlay":false,"sceneViewState":{"showFog":true,"showMaterialUpdate":false,"showSkybox":true,"showFlares":true,"showImageEffects":true,"showParticleSystems":true},"in2DMode":false,"pivot":{"x":-29.21704864501953,"y":40.982391357421878,"z":-40.67399978637695},"rotation":{"x":0.20666532218456269,"y":0.6440515518188477,"z":-0.18680481612682343,"w":0.7124785780906677},"size":9.746962547302246,"orthographic":false}