{"cameraMode":{"drawMode":0,"name":"Shaded","section":"Shading Mode"},"sceneLighting":true,"audioPlay":false,"sceneViewState":{"showFog":false,"showMaterialUpdate":false,"showSkybox":false,"showFlares":false,"showImageEffects":false,"showParticleSystems":false},"in2DMode":false,"pivot":{"x":-0.2627926468849182,"y":-2.50970721244812,"z":-11.3715181350708},"rotation":{"x":-0.03244141489267349,"y":0.942661464214325,"z":-0.3184620440006256,"w":-0.09587191045284271},"size":8.198580741882325,"orthographic":false}