{"cameraMode":{"drawMode":0,"name":"Shaded","section":"Shading Mode"},"sceneLighting":true,"audioPlay":false,"sceneViewState":{"showFog":false,"showMaterialUpdate":false,"showSkybox":false,"showFlares":false,"showImageEffects":false,"showParticleSystems":false},"in2DMode":false,"pivot":{"x":2.8225274085998537,"y":-2.0575764179229738,"z":-5.406912326812744},"rotation":{"x":0.24740421772003175,"y":0.5986613035202026,"z":-0.20181642472743989,"w":0.7348883152008057},"size":8.198580741882325,"orthographic":false}