{"cameraMode":{"drawMode":0,"name":"Shaded","section":"Shading Mode"},"sceneLighting":false,"audioPlay":false,"sceneViewState":{"showFog":true,"showMaterialUpdate":false,"showSkybox":false,"showFlares":true,"showImageEffects":true,"showParticleSystems":true},"in2DMode":false,"pivot":{"x":-21.617694854736329,"y":68.87000274658203,"z":-211.47999572753907},"rotation":{"x":0.34021076560020449,"y":-0.6374592781066895,"z":0.3716870844364166,"w":0.5830994248390198},"size":23.39278793334961,"orthographic":false}