{"cameraMode":{"drawMode":0,"name":"Shaded","section":"Shading Mode"},"sceneLighting":true,"audioPlay":false,"sceneViewState":{"showFog":false,"showMaterialUpdate":false,"showSkybox":false,"showFlares":false,"showImageEffects":false,"showParticleSystems":false},"in2DMode":false,"pivot":{"x":-3.216315746307373,"y":0.11753997206687927,"z":-8.949378967285157},"rotation":{"x":0.05791816860437393,"y":-0.8923026323318481,"z":0.11990049481391907,"w":0.43224573135375979},"size":5.701437473297119,"orthographic":false}