{"cameraMode":{"drawMode":0,"name":"Shaded","section":"Shading Mode"},"sceneLighting":false,"audioPlay":false,"sceneViewState":{"showFog":false,"showMaterialUpdate":false,"showSkybox":false,"showFlares":false,"showImageEffects":false,"showParticleSystems":false},"in2DMode":false,"pivot":{"x":-0.525924801826477,"y":1.0669620037078858,"z":-6.669174671173096},"rotation":{"x":-0.10692392289638519,"y":0.7543714046478272,"z":-0.12703555822372437,"w":-0.6352546811103821},"size":0.4825950264930725,"orthographic":false}