{"cameraMode":{"drawMode":0,"name":"Shaded","section":"Shading Mode"},"sceneLighting":true,"audioPlay":false,"sceneViewState":{"showFog":false,"showMaterialUpdate":false,"showSkybox":false,"showFlares":false,"showImageEffects":false,"showParticleSystems":false},"in2DMode":false,"pivot":{"x":-2.0743136405944826,"y":1.1621203422546387,"z":-1.3973209857940674},"rotation":{"x":0.12828579545021058,"y":-0.4169003367424011,"z":0.05979281663894653,"w":0.8978675007820129},"size":4.665701866149902,"orthographic":false}