{"cameraMode":{"drawMode":0,"name":"Shaded","section":"Shading Mode"},"sceneLighting":true,"audioPlay":false,"sceneViewState":{"showFog":true,"showMaterialUpdate":false,"showSkybox":true,"showFlares":true,"showImageEffects":true,"showParticleSystems":true},"in2DMode":false,"pivot":{"x":-23.215723037719728,"y":64.72801971435547,"z":-213.64503479003907},"rotation":{"x":-0.0037574509624391796,"y":0.9858589172363281,"z":-0.1669040471315384,"w":-0.021557584404945375},"size":19.399826049804689,"orthographic":false}