{"cameraMode":{"drawMode":0,"name":"Shaded","section":"Shading Mode"},"sceneLighting":true,"audioPlay":false,"sceneViewState":{"showFog":false,"showMaterialUpdate":false,"showSkybox":false,"showFlares":false,"showImageEffects":false,"showParticleSystems":false},"in2DMode":false,"pivot":{"x":-3.3624353408813478,"y":0.4052644670009613,"z":-3.9005606174468996},"rotation":{"x":-0.252795934677124,"y":-0.07315099239349365,"z":0.018575357273221017,"w":-0.9648555517196655},"size":1.8482811450958253,"orthographic":false}