{"cameraMode":{"drawMode":0,"name":"Shaded","section":"Shading Mode"},"sceneLighting":true,"audioPlay":false,"sceneViewState":{"showFog":true,"showMaterialUpdate":false,"showSkybox":true,"showFlares":true,"showImageEffects":true,"showParticleSystems":true},"in2DMode":false,"pivot":{"x":-19.05950164794922,"y":64.16461944580078,"z":-191.82305908203126},"rotation":{"x":0.060694072395563129,"y":-0.9022951126098633,"z":0.13527220487594605,"w":0.4048813581466675},"size":32.40291976928711,"orthographic":false}