{"cameraMode":{"drawMode":0,"name":"Shaded","section":"Shading Mode"},"sceneLighting":false,"audioPlay":false,"sceneViewState":{"showFog":true,"showMaterialUpdate":false,"showSkybox":false,"showFlares":true,"showImageEffects":true,"showParticleSystems":true},"in2DMode":false,"pivot":{"x":-39.31749725341797,"y":38.74066925048828,"z":-36.44725799560547},"rotation":{"x":0.009128959849476815,"y":-0.9908618330955505,"z":0.09212896227836609,"w":0.09841035306453705},"size":0.8085392117500305,"orthographic":false}