{"cameraMode":{"drawMode":0,"name":"Shaded","section":"Shading Mode"},"sceneLighting":true,"audioPlay":false,"sceneViewState":{"showFog":false,"showMaterialUpdate":false,"showSkybox":false,"showFlares":false,"showImageEffects":false,"showParticleSystems":false},"in2DMode":false,"pivot":{"x":3.4490156173706056,"y":0.939770519733429,"z":-6.866578578948975},"rotation":{"x":-0.11975254863500595,"y":-0.7242952585220337,"z":0.12915565073490144,"w":-0.6670469045639038},"size":1.8482811450958253,"orthographic":false}