{"cameraMode":{"drawMode":0,"name":"Shaded","section":"Shading Mode"},"sceneLighting":true,"audioPlay":false,"sceneViewState":{"showFog":true,"showMaterialUpdate":false,"showSkybox":true,"showFlares":true,"showImageEffects":true,"showParticleSystems":true},"in2DMode":false,"pivot":{"x":-38.59919738769531,"y":86.25495910644531,"z":-186.21002197265626},"rotation":{"x":0.24042491614818574,"y":0.19154620170593263,"z":0.04858223721385002,"w":-0.9504362940788269},"size":28.88662338256836,"orthographic":false}