{"cameraMode":{"drawMode":0,"name":"Shaded","section":"Shading Mode"},"sceneLighting":true,"audioPlay":false,"sceneViewState":{"showFog":true,"showMaterialUpdate":true,"showSkybox":true,"showFlares":true,"showImageEffects":true,"showParticleSystems":true},"in2DMode":false,"pivot":{"x":1.9685282707214356,"y":2.12685227394104,"z":-4.611608505249023},"rotation":{"x":-0.048494596034288409,"y":0.8968119025230408,"z":-0.10158183425664902,"w":-0.4279104471206665},"size":0.5808520913124085,"orthographic":false}