{"cameraMode":{"drawMode":0,"name":"Shaded","section":"Shading Mode"},"sceneLighting":true,"audioPlay":false,"sceneViewState":{"showFog":false,"showMaterialUpdate":false,"showSkybox":false,"showFlares":false,"showImageEffects":false,"showParticleSystems":false},"in2DMode":false,"pivot":{"x":1.2284718751907349,"y":1.1204044818878174,"z":-1.6037123203277588},"rotation":{"x":-0.005839311517775059,"y":0.9855948686599731,"z":-0.16594065725803376,"w":-0.03489353507757187},"size":3.2808518409729006,"orthographic":false}