{"cameraMode":{"drawMode":0,"name":"Shaded","section":"Shading Mode"},"sceneLighting":true,"audioPlay":false,"sceneViewState":{"showFog":false,"showMaterialUpdate":false,"showSkybox":false,"showFlares":false,"showImageEffects":false,"showParticleSystems":false},"in2DMode":false,"pivot":{"x":0.32405656576156618,"y":1.0155616998672486,"z":-7.330256462097168},"rotation":{"x":0.05286775901913643,"y":-0.9430035948753357,"z":0.2729911506175995,"w":0.18425408005714417},"size":1.8482811450958253,"orthographic":false}