{"cameraMode":{"drawMode":0,"name":"Shaded","section":"Shading Mode"},"sceneLighting":true,"audioPlay":false,"sceneViewState":{"showFog":false,"showMaterialUpdate":false,"showSkybox":false,"showFlares":false,"showImageEffects":false,"showParticleSystems":false},"in2DMode":false,"pivot":{"x":-2.640010356903076,"y":-0.0013454677537083626,"z":-8.32276439666748},"rotation":{"x":0.009023802354931832,"y":-0.9911133050918579,"z":0.09635180979967118,"w":0.0938907265663147},"size":8.198580741882325,"orthographic":false}